objetivo,execucao,semente,avaliacoes,segundos,f1_rs,f2_pp2,f3_pp2,violacao
f1,1,2027,67877,10.000038458005292,61460000.0,6.089174932424969,4.735317383930974,0.0
f1,2,2028,90984,10.000042166997446,61280000.0,6.341436373023514,5.054076609454203,0.0
f1,3,2029,67762,10.000100416014902,60760000.0,5.805525673226282,5.638716520096855,0.0
f1,4,2030,81664,10.000057875004131,61160000.0,6.235015802244303,4.822915315368012,0.0
f1,5,2031,65252,10.000025916990126,61100000.0,6.183352983614266,5.327583290428163,0.0
f2,1,12027,141641,10.000050917005865,63960000.0,2.4393300500922566,3.3044042642721236,0.0
f2,2,12028,118371,10.000042792002205,63700000.0,2.406561905817649,3.1573408051419753,0.0
f2,3,12029,133512,10.00004470901331,63440000.0,2.3730549798612706,3.9409363290044586,0.0
f2,4,12030,132161,10.000041624996811,63960000.0,2.4396027656382375,3.2796233657716822,0.0
f2,5,12031,135459,10.000044457992772,64480000.0,2.506923202053441,3.0588821993945725,0.0
f3,1,22027,142085,10.000029874994652,65820000.0,6.30381952239211,1.424771788311106,0.0
f3,2,22028,144142,10.000020417006453,65740000.0,5.889998903319507,1.4358266149291095,0.0
f3,3,22029,141277,10.000083083985373,65660000.0,5.455175772836201,1.4541464993603124,0.0
f3,4,22030,138977,10.000006624992238,65660000.0,5.436431368864525,1.4537560957116855,0.0
f3,5,22031,143508,10.000054667005315,65660000.0,5.470739888187169,1.4519046420669734,0.0
